,District,Province,Cases,Population,Year,nmb_healthcare_observed,nmb_payer_observed,burden_non_vaccine,burden_vaccine,qaly_le_scaled_vaccine,qaly_le_scaled_nonvaccine,healthcare_cost_non_vaccine,healthcare_cost_vaccine,payer_cost_non_vaccine,payer_cost_vaccine
0,BANDUNG,Jawa Barat,2295,3623790,2020,-4.49238390425866,-4.49182695650345,382416,264217,0.5102966904566427,0.5102961984745186,69.6069568218903,1335.3755511568143,42.01441362286097,1307.6260838628855
1,BANDUNG,Jawa Barat,2002,3665655,2021,-3.918846418122673,-3.9183605752442716,382416,264217,0.5108020337572586,0.510801541287928,69.6069568218903,1335.3755511568143,42.01441362286097,1307.6260838628855
2,BANDUNG,Jawa Barat,4191,3707523,2022,-8.203738930228235,-8.202721863543232,382416,264217,0.510802242205409,0.5108017497358774,69.6069568218903,1335.3755511568143,42.01441362286097,1307.6260838628855
3,BANDUNG,Jawa Barat,1005,3749391,2023,-1.9672530758160462,-1.9670091836618044,382416,264217,0.5106150997477522,0.5106146074586465,69.6069568218903,1335.3755511568143,42.01441362286097,1307.6260838628855
4,BANDUNG BARAT,Jawa Barat,966,1788336,2020,-1.890912078448487,-1.890677650765902,382416,264217,0.5020381148868969,0.5020376308669477,69.6069568218903,1335.3755511568143,42.01441362286097,1307.6260838628855
5,BANDUNG BARAT,Jawa Barat,309,1814963,2021,-0.6048569663994304,-0.6047819786624545,382416,264217,0.502487296365659,0.5024868119126497,69.6069568218903,1335.3755511568143,42.01441362286097,1307.6260838628855
6,BANDUNG BARAT,Jawa Barat,1241,1841589,2022,-2.4292151977801573,-2.428914033438452,382416,264217,0.5023820458064009,0.5023815614548646,69.6069568218903,1335.3755511568143,42.01441362286097,1307.6260838628855
7,BANDUNG BARAT,Jawa Barat,1322,1868213,2023,-2.587769931683112,-2.5874491103618107,382416,264217,0.5025712103347338,0.5025707258008221,69.6069568218903,1335.3755511568143,42.01441362286097,1307.6260838628855
8,BEKASI,Jawa Barat,317,3113017,2020,-0.6205166372140191,-0.6204397080469597,382416,264217,0.5113376873771989,0.5113371943914392,69.6069568218903,1335.3755511568143,42.01441362286097,1307.6260838628855
9,BEKASI,Jawa Barat,370,3158630,2021,-0.7242623203834337,-0.724172529242071,382416,264217,0.5114256390616286,0.5114251459910739,69.6069568218903,1335.3755511568143,42.01441362286097,1307.6260838628855
10,BEKASI,Jawa Barat,1003,3204245,2022,-1.9633381363636617,-1.9630947295669408,382416,264217,0.5110092962152207,0.5110088035460664,69.6069568218903,1335.3755511568143,42.01441362286097,1307.6260838628855
11,BEKASI,Jawa Barat,726,3249856,2023,-1.4211201293665654,-1.420943944586486,382416,264217,0.5108213533224449,0.5108208608344882,69.6069568218903,1335.3755511568143,42.01441362286097,1307.6260838628855
12,BOGOR,Jawa Barat,1256,5427068,2020,-2.4585774004420253,-2.4582725959189125,382416,264217,0.4939183389065587,0.4939178627149665,69.6069568218903,1335.3755511568143,42.01441362286097,1307.6260838628855
13,BOGOR,Jawa Barat,2220,5488387,2021,-4.345574680858662,-4.345035934010486,382416,264217,0.494449716887113,0.494449240183214,69.6069568218903,1335.3755511568143,42.01441362286097,1307.6260838628855
14,BOGOR,Jawa Barat,1953,5549705,2022,-3.8229312369854274,-3.822457285366288,382416,264217,0.49451399343355706,0.49451351666768845,69.6069568218903,1335.3755511568143,42.01441362286097,1307.6260838628855
15,BOGOR,Jawa Barat,1881,5611026,2023,-3.6819936819599333,-3.6815372032115463,382416,264217,0.49445856973015134,0.49445809301771726,69.6069568218903,1335.3755511568143,42.01441362286097,1307.6260838628855
16,CIAMIS,Jawa Barat,1457,1229069,2020,-2.8520279488288165,-2.8516743658748553,382416,264217,0.49849872535700585,0.49849824474941745,69.6069568218903,1335.3755511568143,42.01441362286097,1307.6260838628855
17,CIAMIS,Jawa Barat,466,1238404,2021,-0.9121791468715242,-0.9120660585691595,382416,264217,0.49902282245249263,0.49902234133961704,69.6069568218903,1335.3755511568143,42.01441362286097,1307.6260838628855
18,CIAMIS,Jawa Barat,702,1247739,2022,-1.3741411185686865,-1.3739707580788576,382416,264217,0.49900016364614336,0.49899968255511334,69.6069568218903,1335.3755511568143,42.01441362286097,1307.6260838628855
19,CIAMIS,Jawa Barat,232,1257073,2023,-0.4541321079009594,-0.45407580642853745,382416,264217,0.4989273971818281,0.4989269161609529,69.6069568218903,1335.3755511568143,42.01441362286097,1307.6260838628855
20,CIANJUR,Jawa Barat,605,2477560,2020,-1.1842670682004648,-1.184120247550399,382416,264217,0.486700760257369,0.48670029102431633,69.6069568218903,1335.3755511568143,42.01441362286097,1307.6260838628855
21,CIANJUR,Jawa Barat,436,2506623,2021,-0.8534552708317318,-0.85334946289218,382416,264217,0.48724361114772674,0.48724314139130614,69.6069568218903,1335.3755511568143,42.01441362286097,1307.6260838628855
22,CIANJUR,Jawa Barat,819,2535689,2022,-1.603164834024001,-1.602966080119201,382416,264217,0.4871290670836072,0.48712859743761966,69.6069568218903,1335.3755511568143,42.01441362286097,1307.6260838628855
23,CIANJUR,Jawa Barat,829,2564751,2023,-1.6227395035537047,-1.6225383228613002,382416,264217,0.4866896850833901,0.48668921586101516,69.6069568218903,1335.3755511568143,42.01441362286097,1307.6260838628855
24,CIREBON,Jawa Barat,841,2270621,2020,-1.6462288796009306,-1.6460247867634008,382416,264217,0.49960912207226577,0.49960864039413283,69.6069568218903,1335.3755511568143,42.01441362286097,1307.6260838628855
25,CIREBON,Jawa Barat,820,2293264,2021,-1.605122085639017,-1.6049230890554564,382416,264217,0.500131454104706,0.5001309719229876,69.6069568218903,1335.3755511568143,42.01441362286097,1307.6260838628855
26,CIREBON,Jawa Barat,1815,2315909,2022,-3.552800712409962,-3.552360250459764,382416,264217,0.5001734697017429,0.5001729874795168,69.6069568218903,1335.3755511568143,42.01441362286097,1307.6260838628855
27,CIREBON,Jawa Barat,728,2338554,2023,-1.4250352159963597,-1.4248585458587595,382416,264217,0.5002336698215492,0.5002331875412835,69.6069568218903,1335.3755511568143,42.01441362286097,1307.6260838628855
28,GARUT,Jawa Barat,696,2585607,2020,-1.3623963705419482,-1.3622274661246823,382416,264217,0.49558393397944855,0.4955834561820396,69.6069568218903,1335.3755511568143,42.01441362286097,1307.6260838628855
29,GARUT,Jawa Barat,1011,2601936,2021,-1.9789981668257677,-1.9787528185989627,382416,264217,0.49604337488716965,0.4960428966468091,69.6069568218903,1335.3755511568143,42.01441362286097,1307.6260838628855
30,GARUT,Jawa Barat,904,2618265,2022,-1.7695493032165024,-1.7693299216170648,382416,264217,0.4958943534989682,0.4958938754022807,69.6069568218903,1335.3755511568143,42.01441362286097,1307.6260838628855
31,GARUT,Jawa Barat,730,2634592,2023,-1.4289502176119482,-1.428773062116827,382416,264217,0.4954898376036152,0.49548935989692544,69.6069568218903,1335.3755511568143,42.01441362286097,1307.6260838628855
32,INDRAMAYU,Jawa Barat,214,1834434,2020,-0.4188977280441223,-0.41884579478938816,382416,264217,0.4971107294629309,0.4971102501935232,69.6069568218903,1335.3755511568143,42.01441362286097,1307.6260838628855
33,INDRAMAYU,Jawa Barat,194,1853376,2021,-0.3797484050699021,-0.37970132539037676,382416,264217,0.4977756118437528,0.4977751319333254,69.6069568218903,1335.3755511568143,42.01441362286097,1307.6260838628855
34,INDRAMAYU,Jawa Barat,370,1872316,2022,-0.7242624206308789,-0.7241726294895161,382416,264217,0.49796489359708507,0.4979644135041692,69.6069568218903,1335.3755511568143,42.01441362286097,1307.6260838628855
35,INDRAMAYU,Jawa Barat,218,1891256,2023,-0.4267275874667398,-0.4266746834969639,382416,264217,0.49817113407462127,0.4981706537828669,69.6069568218903,1335.3755511568143,42.01441362286097,1307.6260838628855
36,KARAWANG,Jawa Barat,1329,2439085,2020,-2.601472242579201,-2.6011497225065763,382416,264217,0.5007195187875257,0.5007190360388483,69.6069568218903,1335.3755511568143,42.01441362286097,1307.6260838628855
37,KARAWANG,Jawa Barat,929,2468573,2021,-1.8184858556368704,-1.8182604070684218,382416,264217,0.5011707962786558,0.5011703130948972,69.6069568218903,1335.3755511568143,42.01441362286097,1307.6260838628855
38,KARAWANG,Jawa Barat,1311,2498066,2022,-2.566237842637003,-2.5659196907820663,382416,264217,0.5012087397508013,0.501208256530461,69.6069568218903,1335.3755511568143,42.01441362286097,1307.6260838628855
39,KARAWANG,Jawa Barat,991,2527555,2023,-1.9398487432353493,-1.9396082485837534,382416,264217,0.5011961865034488,0.5011957032952112,69.6069568218903,1335.3755511568143,42.01441362286097,1307.6260838628855
40,KEPULAUAN SERIBU,DKI Jakarta,9,2837,2020,-0.01761719777823392,-0.017615013669389962,382416,264217,0.47719298838295593,0.4771925283164409,69.6069568218903,1335.3755511568143,42.01441362286097,1307.6260838628855
41,KEPULAUAN SERIBU,DKI Jakarta,13,2904,2021,-0.025447063238926648,-0.025443908415040926,382416,264217,0.47802811053870414,0.4780276496670395,69.6069568218903,1335.3755511568143,42.01441362286097,1307.6260838628855
42,KEPULAUAN SERIBU,DKI Jakarta,10,2970,2022,-0.01957466411519165,-0.019572237327587252,382416,264217,0.47760458263227,0.47760412216893283,69.6069568218903,1335.3755511568143,42.01441362286097,1307.6260838628855
43,KEPULAUAN SERIBU,DKI Jakarta,2,3037,2023,-0.003914932783890741,-0.003914447426369861,382416,264217,0.47857704447880745,0.4785765830779101,69.6069568218903,1335.3755511568143,42.01441362286097,1307.6260838628855
44,KOTA BANDUNG,Jawa Barat,2790,2444160,2020,-5.461329159937828,-5.460652086196202,382416,264217,0.5155016750594236,0.515501178059122,69.6069568218903,1335.3755511568143,42.01441362286097,1307.6260838628855
45,KOTA BANDUNG,Jawa Barat,3743,2447366,2021,-7.326793890942378,-7.325885544342053,382416,264217,0.5159294551487448,0.5159289577360162,69.6069568218903,1335.3755511568143,42.01441362286097,1307.6260838628855
46,KOTA BANDUNG,Jawa Barat,5123,2450574,2022,-10.028096476348114,-10.026853233058384,382416,264217,0.5159095744474305,0.515909077053869,69.6069568218903,1335.3755511568143,42.01441362286097,1307.6260838628855
47,KOTA BANDUNG,Jawa Barat,1856,2453781,2023,-3.633056228815776,-3.6326058170364,382416,264217,0.5159089414982002,0.5159084441052489,69.6069568218903,1335.3755511568143,42.01441362286097,1307.6260838628855
48,KOTA BANJAR,Jawa Barat,146,200973,2020,-0.2857900518115674,-0.2857546207125432,382416,264217,0.49266914260189115,0.49266866761466155,69.6069568218903,1335.3755511568143,42.01441362286097,1307.6260838628855
49,KOTA BANJAR,Jawa Barat,32,203419,2021,-0.06263891507738092,-0.06263114935704685,382416,264217,0.49327179575663643,0.493271320188383,69.6069568218903,1335.3755511568143,42.01441362286097,1307.6260838628855
50,KOTA BANJAR,Jawa Barat,113,205867,2022,-0.22119366855332978,-0.22116624585340008,382416,264217,0.493409705381228,0.49340922968001455,69.6069568218903,1335.3755511568143,42.01441362286097,1307.6260838628855
51,KOTA BANJAR,Jawa Barat,53,208314,2023,-0.1037457027109911,-0.1037328407366878,382416,264217,0.49363355543138016,0.4936330795143506,69.6069568218903,1335.3755511568143,42.01441362286097,1307.6260838628855
52,KOTA BEKASI,Jawa Barat,1640,2543676,2020,-3.21024349667103,-3.209845503503909,382416,264217,0.520567860072797,0.5205673581881359,69.6069568218903,1335.3755511568143,42.01441362286097,1307.6260838628855
53,KOTA BEKASI,Jawa Barat,2004,2562431,2021,-3.922760938757869,-3.922274610521948,382416,264217,0.5209875870619678,0.5209870847726438,69.6069568218903,1335.3755511568143,42.01441362286097,1307.6260838628855
54,KOTA BEKASI,Jawa Barat,2401,2581194,2022,-4.699874759382415,-4.699292087678599,382416,264217,0.5209478886861812,0.5209473864351308,69.6069568218903,1335.3755511568143,42.01441362286097,1307.6260838628855
55,KOTA BEKASI,Jawa Barat,1220,2599947,2023,-2.3881079548209687,-2.3878118867332323,382416,264217,0.5210652808655196,0.5210647785012902,69.6069568218903,1335.3755511568143,42.01441362286097,1307.6260838628855
56,KOTA BOGOR,Jawa Barat,235,1043070,2020,-0.460004449443915,-0.45994741993521165,382416,264217,0.5108518888142727,0.5108513962968763,69.6069568218903,1335.3755511568143,42.01441362286097,1307.6260838628855
57,KOTA BOGOR,Jawa Barat,526,1051567,2021,-1.0296269736493424,-1.029499324621351,382416,264217,0.5114949285398918,0.5114944354025344,69.6069568218903,1335.3755511568143,42.01441362286097,1307.6260838628855
58,KOTA BOGOR,Jawa Barat,1521,1060069,2022,-2.9773053702246415,-2.9769362558300125,382416,264217,0.5116304582446557,0.5116299649766328,69.6069568218903,1335.3755511568143,42.01441362286097,1307.6260838628855
59,KOTA BOGOR,Jawa Barat,1474,1068568,2023,-2.885304474481093,-2.8849467659882047,382416,264217,0.5118526211959089,0.5118521277136965,69.6069568218903,1335.3755511568143,42.01441362286097,1307.6260838628855
60,KOTA CIMAHI,Jawa Barat,384,568400,2020,-0.7516668225198192,-0.7515736338758104,382416,264217,0.5137666801918299,0.5137661848642542,69.6069568218903,1335.3755511568143,42.01441362286097,1307.6260838628855
61,KOTA CIMAHI,Jawa Barat,698,570690,2021,-1.3663110411356592,-1.3661416513608722,382416,264217,0.5141972181921617,0.5141967224494999,69.6069568218903,1335.3755511568143,42.01441362286097,1307.6260838628855
62,KOTA CIMAHI,Jawa Barat,662,572979,2022,-1.2958422770108726,-1.2956816236714614,382416,264217,0.5141841243656664,0.5141836286356286,69.6069568218903,1335.3755511568143,42.01441362286097,1307.6260838628855
63,KOTA CIMAHI,Jawa Barat,350,575270,2023,-0.6851129858081804,-0.6850280482420265,382416,264217,0.514258912900658,0.5142584170985157,69.6069568218903,1335.3755511568143,42.01441362286097,1307.6260838628855
64,KOTA CIREBON,Jawa Barat,171,333303,2020,-0.3347266741828761,-0.3346851761148409,382416,264217,0.5014829165292669,0.5014824330445901,69.6069568218903,1335.3755511568143,42.01441362286097,1307.6260838628855
65,KOTA CIREBON,Jawa Barat,104,337313,2021,-0.20357645587084885,-0.20355121727976308,382416,264217,0.5019329805395525,0.5019324966209645,69.6069568218903,1335.3755511568143,42.01441362286097,1307.6260838628855
66,KOTA CIREBON,Jawa Barat,273,341323,2022,-0.5343881960896374,-0.5343219447880373,382416,264217,0.5020369557900479,0.5020364717712164,69.6069568218903,1335.3755511568143,42.01441362286097,1307.6260838628855
67,KOTA CIREBON,Jawa Barat,227,345331,2023,-0.4443447619687025,-0.4442896738900826,382416,264217,0.5024337079516054,0.502433223550261,69.6069568218903,1335.3755511568143,42.01441362286097,1307.6260838628855
68,KOTA DEPOK,Jawa Barat,1276,2056335,2020,-2.4977261392520473,-2.497416481153726,382416,264217,0.5166120717746835,0.5166115737038374,69.6069568218903,1335.3755511568143,42.01441362286097,1307.6260838628855
69,KOTA DEPOK,Jawa Barat,3155,2086407,2021,-6.1758040241533445,-6.175038372664157,382416,264217,0.5170380868009582,0.5170375883193866,69.6069568218903,1335.3755511568143,42.01441362286097,1307.6260838628855
70,KOTA DEPOK,Jawa Barat,2194,2116480,2022,-4.294679563471136,-4.2941471262707305,382416,264217,0.5170828805030299,0.5170823819782724,69.6069568218903,1335.3755511568143,42.01441362286097,1307.6260838628855
71,KOTA DEPOK,Jawa Barat,1031,2146551,2023,-2.018147048274198,-2.0178968464721843,382416,264217,0.517215214137921,0.5172147154855794,69.6069568218903,1335.3755511568143,42.01441362286097,1307.6260838628855
72,KOTA JAKARTA BARAT,DKI Jakarta,161,184826,2020,-0.31515198428774144,-0.3151129130073106,382416,264217,0.5109212886089763,0.510920796024671,69.6069568218903,1335.3755511568143,42.01441362286097,1307.6260838628855
73,KOTA JAKARTA BARAT,DKI Jakarta,138,183270,2021,-0.27013027315527766,-0.270096783486337,382416,264217,0.5105941653224686,0.510593673053546,69.6069568218903,1335.3755511568143,42.01441362286097,1307.6260838628855
74,KOTA JAKARTA BARAT,DKI Jakarta,420,181715,2022,-0.8221356238610888,-0.8220336987817043,382416,264217,0.5094218821399978,0.5094213910012851,69.6069568218903,1335.3755511568143,42.01441362286097,1307.6260838628855
75,KOTA JAKARTA BARAT,DKI Jakarta,359,180159,2023,-0.7027302086666943,-0.7026430869916964,382416,264217,0.5098588366405454,0.5098583450805605,69.6069568218903,1335.3755511568143,42.01441362286097,1307.6260838628855
76,KOTA JAKARTA PUSAT,DKI Jakarta,127,73140,2020,-0.24859814040372571,-0.24856732020114988,382416,264217,0.5143218785494599,0.5143213826866119,69.6069568218903,1335.3755511568143,42.01441362286097,1307.6260838628855
77,KOTA JAKARTA PUSAT,DKI Jakarta,54,73417,2021,-0.10570314659951444,-0.1056900419464507,382416,264217,0.514058639235635,0.5140581436265786,69.6069568218903,1335.3755511568143,42.01441362286097,1307.6260838628855
78,KOTA JAKARTA PUSAT,DKI Jakarta,198,73694,2022,-0.3875782042482394,-0.38753015385367234,382416,264217,0.5140460883591254,0.5140455927621694,69.6069568218903,1335.3755511568143,42.01441362286097,1307.6260838628855
79,KOTA JAKARTA PUSAT,DKI Jakarta,152,73972,2023,-0.29753478219778223,-0.29749789502619545,382416,264217,0.5143276640922222,0.5143271682237963,69.6069568218903,1335.3755511568143,42.01441362286097,1307.6260838628855
80,KOTA JAKARTA SELATAN,DKI Jakarta,288,160968,2020,-0.563750113269138,-0.5636802217861314,382416,264217,0.5143912783441636,0.5143907824144066,69.6069568218903,1335.3755511568143,42.01441362286097,1307.6260838628855
81,KOTA JAKARTA SELATAN,DKI Jakarta,281,159201,2021,-0.5500478550611283,-0.5499796623294448,382416,264217,0.5141279287138983,0.5141274330380393,69.6069568218903,1335.3755511568143,42.01441362286097,1307.6260838628855
82,KOTA JAKARTA SELATAN,DKI Jakarta,534,157433,2022,-1.0452866713216002,-1.0451570808635255,382416,264217,0.5141151063623958,0.5141146106988989,69.6069568218903,1335.3755511568143,42.01441362286097,1307.6260838628855
83,KOTA JAKARTA SELATAN,DKI Jakarta,298,155666,2023,-0.5833247715985849,-0.5832524533279738,382416,264217,0.5141214105175295,0.5141209148479546,69.6069568218903,1335.3755511568143,42.01441362286097,1307.6260838628855
84,KOTA JAKARTA TIMUR,DKI Jakarta,396,238497,2020,-0.7751563863842382,-0.7750602855951041,382416,264217,0.5168202711587947,0.5168197728872215,69.6069568218903,1335.3755511568143,42.01441362286097,1307.6260838628855
85,KOTA JAKARTA TIMUR,DKI Jakarta,389,237372,2021,-0.7614541296636992,-0.7613597276258882,382416,264217,0.5164837709748515,0.5164832730277015,69.6069568218903,1335.3755511568143,42.01441362286097,1307.6260838628855
86,KOTA JAKARTA TIMUR,DKI Jakarta,559,236248,2022,-1.0942232868342636,-1.094087629407178,382416,264217,0.5164617184735949,0.5164612205477058,69.6069568218903,1335.3755511568143,42.01441362286097,1307.6260838628855
87,KOTA JAKARTA TIMUR,DKI Jakarta,484,235123,2023,-0.9474133646562702,-0.9472959081362174,382416,264217,0.5164589510307143,0.5164584531074934,69.6069568218903,1335.3755511568143,42.01441362286097,1307.6260838628855
88,KOTA JAKARTA UTARA,DKI Jakarta,245,143801,2020,-0.4795791181608754,-0.47951966186456757,382416,264217,0.5085616955890491,0.5085612052796508,69.6069568218903,1335.3755511568143,42.01441362286097,1307.6260838628855
89,KOTA JAKARTA UTARA,DKI Jakarta,186,143469,2021,-0.36408863785523327,-0.36404349960579147,382416,264217,0.5082383230615154,0.5082378330638838,69.6069568218903,1335.3755511568143,42.01441362286097,1307.6260838628855
90,KOTA JAKARTA UTARA,DKI Jakarta,402,143138,2022,-0.7869012589689177,-0.7868037021072208,382416,264217,0.5070752700287988,0.5070747811524783,69.6069568218903,1335.3755511568143,42.01441362286097,1307.6260838628855
91,KOTA JAKARTA UTARA,DKI Jakarta,269,142806,2023,-0.5265583112777089,-0.5264930306911506,382416,264217,0.5059400187213826,0.5059395309395691,69.6069568218903,1335.3755511568143,42.01441362286097,1307.6260838628855
92,KOTA SUKABUMI,Jawa Barat,651,346325,2020,-1.2743103064620467,-1.2741523225890004,382416,264217,0.5025933132445268,0.5025928286893054,69.6069568218903,1335.3755511568143,42.01441362286097,1307.6260838628855
93,KOTA SUKABUMI,Jawa Barat,450,350855,2021,-0.8808596560394018,-0.8807504505972038,382416,264217,0.5029030332352391,0.5029025483814137,69.6069568218903,1335.3755511568143,42.01441362286097,1307.6260838628855
94,KOTA SUKABUMI,Jawa Barat,1021,355390,2022,-1.9985726884547388,-1.9983249134403298,382416,264217,0.5027961538260242,0.5027956690752421,69.6069568218903,1335.3755511568143,42.01441362286097,1307.6260838628855
95,KOTA SUKABUMI,Jawa Barat,415,359918,2023,-0.8123483516560376,-0.8122476399704551,382416,264217,0.5026399615262982,0.5026394769261028,69.6069568218903,1335.3755511568143,42.01441362286097,1307.6260838628855
96,KOTA TASIKMALAYA,Jawa Barat,1409,716155,2020,-2.758069518279983,-2.7577275839065236,382416,264217,0.5007195187875257,0.5007190360388483,69.6069568218903,1335.3755511568143,42.01441362286097,1307.6260838628855
97,KOTA TASIKMALAYA,Jawa Barat,909,723770,2021,-1.779336535625593,-1.7791159406323531,382416,264217,0.5012400857569193,0.501239602506358,69.6069568218903,1335.3755511568143,42.01441362286097,1307.6260838628855
98,KOTA TASIKMALAYA,Jawa Barat,1835,731389,2022,-3.5919499907680574,-3.59150467524265,382416,264217,0.5012777577540718,0.5012772744671906,69.6069568218903,1335.3755511568143,42.01441362286097,1307.6260838628855
99,KOTA TASIKMALAYA,Jawa Barat,353,739003,2023,-0.6909854746658803,-0.6908998090634452,382416,264217,0.5013336888865773,0.5013332055457723,69.6069568218903,1335.3755511568143,42.01441362286097,1307.6260838628855
100,KUNINGAN,Jawa Barat,362,1167686,2020,-0.708602599729205,-0.7085147500179259,382416,264217,0.5107130892248651,0.5107125968412868,69.6069568218903,1335.3755511568143,42.01441362286097,1307.6260838628855
101,KUNINGAN,Jawa Barat,544,1182063,2021,-1.064861359812817,-1.0647293425671378,382416,264217,0.5112177706268386,0.5112172777566919,69.6069568218903,1335.3755511568143,42.01441362286097,1307.6260838628855
102,KUNINGAN,Jawa Barat,1474,1196441,2022,-2.8853045015492125,-2.884946793056324,382416,264217,0.5109402782119501,0.5109397856093366,69.6069568218903,1335.3755511568143,42.01441362286097,1307.6260838628855
103,KUNINGAN,Jawa Barat,630,1210821,2023,-1.2332034189171799,-1.2330505312981028,382416,264217,0.5107526021308808,0.5107521097092077,69.6069568218903,1335.3755511568143,42.01441362286097,1307.6260838628855
104,MAJALENGKA,Jawa Barat,1153,1305476,2020,-2.256958538831872,-2.256678730221085,382416,264217,0.4876723573832215,0.4876718872134424,69.6069568218903,1335.3755511568143,42.01441362286097,1307.6260838628855
105,MAJALENGKA,Jawa Barat,782,1320701,2021,-1.5307385668193179,-1.530548792028654,382416,264217,0.48821366384341347,0.4882131931517554,69.6069568218903,1335.3755511568143,42.01441362286097,1307.6260838628855
106,MAJALENGKA,Jawa Barat,641,1335926,2022,-1.2547358308693117,-1.2545802737838698,382416,264217,0.4883713911424773,0.48837092029875273,69.6069568218903,1335.3755511568143,42.01441362286097,1307.6260838628855
107,MAJALENGKA,Jawa Barat,253,1351151,2023,-0.4952389467464878,-0.4951775490200965,382416,264217,0.4884772160640608,0.48847674511830935,69.6069568218903,1335.3755511568143,42.01441362286097,1307.6260838628855
108,PANGANDARAN,Jawa Barat,196,423667,2020,-0.38366334600112006,-0.3836157809640739,382416,264217,0.4955145341847448,0.49551405645424484,69.6069568218903,1335.3755511568143,42.01441362286097,1307.6260838628855
109,PANGANDARAN,Jawa Barat,80,428082,2021,-0.15659728311895266,-0.15657786881811747,382416,264217,0.49611266436543283,0.4961121860582696,69.6069568218903,1335.3755511568143,42.01441362286097,1307.6260838628855
110,PANGANDARAN,Jawa Barat,503,432497,2022,-0.984605417025616,-0.9844833496091149,382416,264217,0.49617042551205043,0.49616994714919915,69.6069568218903,1335.3755511568143,42.01441362286097,1307.6260838628855
111,PANGANDARAN,Jawa Barat,253,436912,2023,-0.49523890753428446,-0.49517750980789316,382416,264217,0.49617734951925785,0.496176871149731,69.6069568218903,1335.3755511568143,42.01441362286097,1307.6260838628855
112,PURWAKARTA,Jawa Barat,534,997869,2020,-1.0452869018313498,-1.045157311373275,382416,264217,0.49266914260189115,0.49266866761466155,69.6069568218903,1335.3755511568143,42.01441362286097,1307.6260838628855
113,PURWAKARTA,Jawa Barat,220,1011738,2021,-0.4306425414638203,-0.43058915213652355,382416,264217,0.49320250627837314,0.4932020307769224,69.6069568218903,1335.3755511568143,42.01441362286097,1307.6260838628855
114,PURWAKARTA,Jawa Barat,412,1025605,2022,-0.8064760316223278,-0.8063760479730266,382416,264217,0.49327166937468697,0.4932711938065554,69.6069568218903,1335.3755511568143,42.01441362286097,1307.6260838628855
115,PURWAKARTA,Jawa Barat,424,1039475,2023,-0.8299656252083922,-0.8298627294139659,382416,264217,0.49322104828199465,0.4932205727626673,69.6069568218903,1335.3755511568143,42.01441362286097,1307.6260838628855
116,SUBANG,Jawa Barat,274,1595320,2020,-0.53634566162024,-0.5362791676398796,382416,264217,0.5021075146816006,0.5021070305947425,69.6069568218903,1335.3755511568143,42.01441362286097,1307.6260838628855
117,SUBANG,Jawa Barat,287,1609932,2021,-0.5617927139629073,-0.5617230651586611,382416,264217,0.5029030332352391,0.5029025483814137,69.6069568218903,1335.3755511568143,42.01441362286097,1307.6260838628855
118,SUBANG,Jawa Barat,995,1624541,2022,-1.9476785652629733,-1.9474370998963357,382416,264217,0.5032792798489181,0.5032787946323495,69.6069568218903,1335.3755511568143,42.01441362286097,1307.6260838628855
119,SUBANG,Jawa Barat,618,1639153,2023,-1.2097139197821445,-1.2095639443081927,382416,264217,0.5035337270166336,0.5035332415547499,69.6069568218903,1335.3755511568143,42.01441362286097,1307.6260838628855
120,SUKABUMI,Jawa Barat,530,2725450,2020,-1.037457038878855,-1.0373284191358223,382416,264217,0.4925303430124837,0.49252986815907224,69.6069568218903,1335.3755511568143,42.01441362286097,1307.6260838628855
121,SUKABUMI,Jawa Barat,281,2762153,2021,-0.5500479722394498,-0.5499797795077663,382416,264217,0.49341037471316307,0.4934098990113042,69.6069568218903,1335.3755511568143,42.01441362286097,1307.6260838628855
122,SUKABUMI,Jawa Barat,383,2798855,2022,-0.7497095111089315,-0.7496165651436831,382416,264217,0.49375479539758094,0.49375431936366265,69.6069568218903,1335.3755511568143,42.01441362286097,1307.6260838628855
123,SUKABUMI,Jawa Barat,113,2835558,2023,-0.22119366757507009,-0.2211662448751404,382416,264217,0.49383980900607305,0.49383933289019233,69.6069568218903,1335.3755511568143,42.01441362286097,1307.6260838628855
124,SUMEDANG,Jawa Barat,707,1152507,2020,-1.3839283963529039,-1.383756822469273,382416,264217,0.5026627130392307,0.5026622284171003,69.6069568218903,1335.3755511568143,42.01441362286097,1307.6260838628855
125,SUMEDANG,Jawa Barat,1329,1157601,2021,-2.6014721767556597,-2.601149656683035,382416,264217,0.5031801911482925,0.5031797060272563,69.6069568218903,1335.3755511568143,42.01441362286097,1307.6260838628855
126,SUMEDANG,Jawa Barat,2186,1162692,2022,-4.279020448931118,-4.278489953160797,382416,264217,0.5032102618456475,0.5032097766956198,69.6069568218903,1335.3755511568143,42.01441362286097,1307.6260838628855
127,SUMEDANG,Jawa Barat,1308,1167785,2023,-2.5603653926668257,-2.5600479688481705,382416,264217,0.5031899710588122,0.5031894859283471,69.6069568218903,1335.3755511568143,42.01441362286097,1307.6260838628855
128,TASIKMALAYA,Jawa Barat,179,1865203,2020,-0.3503864713918628,-0.35034303189374405,382416,264217,0.48212037380692185,0.4821199089898654,69.6069568218903,1335.3755511568143,42.01441362286097,1307.6260838628855
129,TASIKMALAYA,Jawa Barat,47,1882945,2021,-0.0920009164833869,-0.09198951058164623,382416,264217,0.4827397950606105,0.48273932964636385,69.6069568218903,1335.3755511568143,42.01441362286097,1307.6260838628855
130,TASIKMALAYA,Jawa Barat,319,1900688,2022,-0.6244317520379965,-0.6243543375134162,382416,264217,0.482780932877562,0.482780467423654,69.6069568218903,1335.3755511568143,42.01441362286097,1307.6260838628855
131,TASIKMALAYA,Jawa Barat,88,1918433,2023,-0.17225703542812482,-0.17223567969720613,382416,264217,0.48256461358953445,0.482564148344182,69.6069568218903,1335.3755511568143,42.01441362286097,1307.6260838628855
